INSERT INTO CUSTOMER (CUST_ID,CUSTNAME,ADDRESS,PHONE_NO,E_MAIL,REG_DATE,CREATED_TS,MODIFIED_TS) VALUES (
1,'Synerge','23',1233,'test@test.com','1990-12-08',NULL,'2016-11-07 15:15:31.888');
INSERT INTO CUSTOMER (CUST_ID,CUSTNAME,ADDRESS,PHONE_NO,E_MAIL,REG_DATE,CREATED_TS,MODIFIED_TS) VALUES (
4,'Gosling','Toronto CN',1234567,'gosling@gmail.ca','2016-09-01','2016-08-30 17:40:49.560','2016-09-02 12:10:16.476');
INSERT INTO CUSTOMER (CUST_ID,CUSTNAME,ADDRESS,PHONE_NO,E_MAIL,REG_DATE,CREATED_TS,MODIFIED_TS) VALUES (
6,'IBM India','test',1234566,'test@test.com','1998-12-12','2016-09-01 16:21:05.036',NULL);
INSERT INTO CUSTOMER (CUST_ID,CUSTNAME,ADDRESS,PHONE_NO,E_MAIL,REG_DATE,CREATED_TS,MODIFIED_TS) VALUES (
9,'Sadish','MarryMount',90897867,'sadish@gmail.com','1982-09-02','2016-09-02 12:12:03.284',NULL);

INSERT INTO ORDERS (ORDER_ID,CUST_ID,ORDER_DATE,DISCOUNT,STATUS,CREATED_TS,MODIFIED_TS,NOTES,PAY_TYPE,CC_TYPE,TOTAL_AMOUNT,CHANGE_RETURN,PAYMENT_DATE,NET_AMOUNT,OLD_BALANCE,SUB_TOTAL,TAX,RECEIVED_AMOUNT) VALUES (
1,1,'2016-08-23',1.00,'PAID',NULL,NULL,NULL,'1','1',50.00,5.06,'2016-08-23',44.939998626708984,0,44.5,2,NULL);
INSERT INTO ORDERS (ORDER_ID,CUST_ID,ORDER_DATE,DISCOUNT,STATUS,CREATED_TS,MODIFIED_TS,NOTES,PAY_TYPE,CC_TYPE,TOTAL_AMOUNT,CHANGE_RETURN,PAYMENT_DATE,NET_AMOUNT,OLD_BALANCE,SUB_TOTAL,TAX,RECEIVED_AMOUNT) VALUES (
2,1,'2016-08-23',4.00,'UNPAID',NULL,NULL,NULL,NULL,NULL,NULL,NULL,NULL,103.8656005859375,20,84,4,NULL);
INSERT INTO ORDERS (ORDER_ID,CUST_ID,ORDER_DATE,DISCOUNT,STATUS,CREATED_TS,MODIFIED_TS,NOTES,PAY_TYPE,CC_TYPE,TOTAL_AMOUNT,CHANGE_RETURN,PAYMENT_DATE,NET_AMOUNT,OLD_BALANCE,SUB_TOTAL,TAX,RECEIVED_AMOUNT) VALUES (
3,1,'2016-08-23',2.00,'PAID',NULL,NULL,NULL,'1','1',122.21,-9.23,'2016-08-23',120.76580047607422,1,121,1,130.00);


INSERT INTO ORDER_ITEMS (ID,ORDER_ID,PROD_ID,AMOUNT,QUANTITY) VALUES (
1,1,12,27,1);
INSERT INTO ORDER_ITEMS (ID,ORDER_ID,PROD_ID,AMOUNT,QUANTITY) VALUES (
2,1,3,18,1);
INSERT INTO ORDER_ITEMS (ID,ORDER_ID,PROD_ID,AMOUNT,QUANTITY) VALUES (
3,2,7,39,1);
INSERT INTO ORDER_ITEMS (ID,ORDER_ID,PROD_ID,AMOUNT,QUANTITY) VALUES (
4,2,6,18,1);
INSERT INTO ORDER_ITEMS (ID,ORDER_ID,PROD_ID,AMOUNT,QUANTITY) VALUES (
5,2,5,27,1);
INSERT INTO ORDER_ITEMS (ID,ORDER_ID,PROD_ID,AMOUNT,QUANTITY) VALUES (
6,3,6,36,2);
INSERT INTO ORDER_ITEMS (ID,ORDER_ID,PROD_ID,AMOUNT,QUANTITY) VALUES (
7,3,9,33,1);
INSERT INTO ORDER_ITEMS (ID,ORDER_ID,PROD_ID,AMOUNT,QUANTITY) VALUES (
8,3,7,24,2);
INSERT INTO ORDER_ITEMS (ID,ORDER_ID,PROD_ID,AMOUNT,QUANTITY) VALUES (
9,3,8,28,1);

INSERT INTO PRODUCT (PROD_ID,PROD_NAME,QUANTITY,PRICE,QUANTITY_SOLD,TOTAL_QUANTITY,TYPE_ID,BRAND_ID,ACTIVE_FLAG,BRAND_NAME) VALUES (
2,'Plate (1st)',50,23.00,0,50,1,1,'Y',NULL);
INSERT INTO PRODUCT (PROD_ID,PROD_NAME,QUANTITY,PRICE,QUANTITY_SOLD,TOTAL_QUANTITY,TYPE_ID,BRAND_ID,ACTIVE_FLAG,BRAND_NAME) VALUES (
3,'Plate (2nd)',50,17.50,0,50,1,1,'Y',NULL);
INSERT INTO PRODUCT (PROD_ID,PROD_NAME,QUANTITY,PRICE,QUANTITY_SOLD,TOTAL_QUANTITY,TYPE_ID,BRAND_ID,ACTIVE_FLAG,BRAND_NAME) VALUES (
4,'Tumbler',50,27.00,0,50,1,1,'Y',NULL);
INSERT INTO PRODUCT (PROD_ID,PROD_NAME,QUANTITY,PRICE,QUANTITY_SOLD,TOTAL_QUANTITY,TYPE_ID,BRAND_ID,ACTIVE_FLAG,BRAND_NAME) VALUES (
5,'Mini Cup (1st)',50,27.00,0,50,1,1,'Y',NULL);
INSERT INTO PRODUCT (PROD_ID,PROD_NAME,QUANTITY,PRICE,QUANTITY_SOLD,TOTAL_QUANTITY,TYPE_ID,BRAND_ID,ACTIVE_FLAG,BRAND_NAME) VALUES (
6,'Mini Cup (2nd)',50,18.00,0,50,1,1,'Y',NULL);
INSERT INTO PRODUCT (PROD_ID,PROD_NAME,QUANTITY,PRICE,QUANTITY_SOLD,TOTAL_QUANTITY,TYPE_ID,BRAND_ID,ACTIVE_FLAG,BRAND_NAME) VALUES (
7,'Flower Whisri (1st)',50,39.00,0,50,1,1,'Y',NULL);
INSERT INTO PRODUCT (PROD_ID,PROD_NAME,QUANTITY,PRICE,QUANTITY_SOLD,TOTAL_QUANTITY,TYPE_ID,BRAND_ID,ACTIVE_FLAG,BRAND_NAME) VALUES (
8,'Flower Whisri (2nd)',50,30.00,0,50,1,1,'Y',NULL);
INSERT INTO PRODUCT (PROD_ID,PROD_NAME,QUANTITY,PRICE,QUANTITY_SOLD,TOTAL_QUANTITY,TYPE_ID,BRAND_ID,ACTIVE_FLAG,BRAND_NAME) VALUES (
9,'Bill Whisri (1st)',50,33.00,0,50,1,1,'Y',NULL);
INSERT INTO PRODUCT (PROD_ID,PROD_NAME,QUANTITY,PRICE,QUANTITY_SOLD,TOTAL_QUANTITY,TYPE_ID,BRAND_ID,ACTIVE_FLAG,BRAND_NAME) VALUES (
10,'Bill Whisri (2nd)',50,27.00,0,50,1,1,'Y',NULL);
INSERT INTO PRODUCT (PROD_ID,PROD_NAME,QUANTITY,PRICE,QUANTITY_SOLD,TOTAL_QUANTITY,TYPE_ID,BRAND_ID,ACTIVE_FLAG,BRAND_NAME) VALUES (
11,'Round Whisri (1st)',50,33.00,0,50,1,1,'Y',NULL);
INSERT INTO PRODUCT (PROD_ID,PROD_NAME,QUANTITY,PRICE,QUANTITY_SOLD,TOTAL_QUANTITY,TYPE_ID,BRAND_ID,ACTIVE_FLAG,BRAND_NAME) VALUES (
12,'Round Whisri (2nd)',50,27.00,0,50,1,1,'Y',NULL);
INSERT INTO PRODUCT (PROD_ID,PROD_NAME,QUANTITY,PRICE,QUANTITY_SOLD,TOTAL_QUANTITY,TYPE_ID,BRAND_ID,ACTIVE_FLAG,BRAND_NAME) VALUES (
13,'Big Stand Animal (1st)',50,180.00,0,50,1,1,'Y',NULL);
INSERT INTO PRODUCT (PROD_ID,PROD_NAME,QUANTITY,PRICE,QUANTITY_SOLD,TOTAL_QUANTITY,TYPE_ID,BRAND_ID,ACTIVE_FLAG,BRAND_NAME) VALUES (
14,'Big Stand Animal (2nd)',50,120.00,0,50,1,1,'Y',NULL);
INSERT INTO PRODUCT (PROD_ID,PROD_NAME,QUANTITY,PRICE,QUANTITY_SOLD,TOTAL_QUANTITY,TYPE_ID,BRAND_ID,ACTIVE_FLAG,BRAND_NAME) VALUES (
15,'Basket Lady',50,216.00,0,50,1,1,'Y',NULL);
INSERT INTO PRODUCT (PROD_ID,PROD_NAME,QUANTITY,PRICE,QUANTITY_SOLD,TOTAL_QUANTITY,TYPE_ID,BRAND_ID,ACTIVE_FLAG,BRAND_NAME) VALUES (
16,'Doll - 9 Items (1st)',50,180.00,0,50,1,1,'Y',NULL);
INSERT INTO PRODUCT (PROD_ID,PROD_NAME,QUANTITY,PRICE,QUANTITY_SOLD,TOTAL_QUANTITY,TYPE_ID,BRAND_ID,ACTIVE_FLAG,BRAND_NAME) VALUES (
17,'Doll - 9 Items (2nd)',50,144.00,0,50,1,1,'Y',NULL);
INSERT INTO PRODUCT (PROD_ID,PROD_NAME,QUANTITY,PRICE,QUANTITY_SOLD,TOTAL_QUANTITY,TYPE_ID,BRAND_ID,ACTIVE_FLAG,BRAND_NAME) VALUES (
18,'Coconut Tree - 10 Pcs',50,31.00,0,50,1,1,'Y',NULL);
INSERT INTO PRODUCT (PROD_ID,PROD_NAME,QUANTITY,PRICE,QUANTITY_SOLD,TOTAL_QUANTITY,TYPE_ID,BRAND_ID,ACTIVE_FLAG,BRAND_NAME) VALUES (
19,'Palm Tree - 10 Pcs',50,33.00,0,50,1,1,'Y',NULL);
INSERT INTO PRODUCT (PROD_ID,PROD_NAME,QUANTITY,PRICE,QUANTITY_SOLD,TOTAL_QUANTITY,TYPE_ID,BRAND_ID,ACTIVE_FLAG,BRAND_NAME) VALUES (
20,'Cycle (1st)',50,84.00,0,50,1,1,'Y',NULL);
INSERT INTO PRODUCT (PROD_ID,PROD_NAME,QUANTITY,PRICE,QUANTITY_SOLD,TOTAL_QUANTITY,TYPE_ID,BRAND_ID,ACTIVE_FLAG,BRAND_NAME) VALUES (
21,'Cycle (2nd)',50,66.00,0,50,1,1,'Y',NULL);
INSERT INTO PRODUCT (PROD_ID,PROD_NAME,QUANTITY,PRICE,QUANTITY_SOLD,TOTAL_QUANTITY,TYPE_ID,BRAND_ID,ACTIVE_FLAG,BRAND_NAME) VALUES (
22,'Train (1st)',50,90.00,0,50,1,1,'Y',NULL);
INSERT INTO PRODUCT (PROD_ID,PROD_NAME,QUANTITY,PRICE,QUANTITY_SOLD,TOTAL_QUANTITY,TYPE_ID,BRAND_ID,ACTIVE_FLAG,BRAND_NAME) VALUES (
23,'Train (2nd)',50,69.00,0,50,1,1,'Y',NULL);
INSERT INTO PRODUCT (PROD_ID,PROD_NAME,QUANTITY,PRICE,QUANTITY_SOLD,TOTAL_QUANTITY,TYPE_ID,BRAND_ID,ACTIVE_FLAG,BRAND_NAME) VALUES (
24,'Medium Animals (1st)',50,48.00,0,50,1,1,'Y',NULL);
INSERT INTO PRODUCT (PROD_ID,PROD_NAME,QUANTITY,PRICE,QUANTITY_SOLD,TOTAL_QUANTITY,TYPE_ID,BRAND_ID,ACTIVE_FLAG,BRAND_NAME) VALUES (
25,'Medium Animals (2nd)',50,42.00,0,50,1,1,'Y',NULL);
INSERT INTO PRODUCT (PROD_ID,PROD_NAME,QUANTITY,PRICE,QUANTITY_SOLD,TOTAL_QUANTITY,TYPE_ID,BRAND_ID,ACTIVE_FLAG,BRAND_NAME) VALUES (
26,'Black Scorpion (1st)',50,25.00,0,50,1,1,'Y',NULL);
INSERT INTO PRODUCT (PROD_ID,PROD_NAME,QUANTITY,PRICE,QUANTITY_SOLD,TOTAL_QUANTITY,TYPE_ID,BRAND_ID,ACTIVE_FLAG,BRAND_NAME) VALUES (
27,'Black Scorpion (2nd)',50,28.00,0,50,1,1,'Y',NULL);
INSERT INTO PRODUCT (PROD_ID,PROD_NAME,QUANTITY,PRICE,QUANTITY_SOLD,TOTAL_QUANTITY,TYPE_ID,BRAND_ID,ACTIVE_FLAG,BRAND_NAME) VALUES (
28,'Big Tiffin (1st)',50,312.00,0,50,1,1,'Y',NULL);
INSERT INTO PRODUCT (PROD_ID,PROD_NAME,QUANTITY,PRICE,QUANTITY_SOLD,TOTAL_QUANTITY,TYPE_ID,BRAND_ID,ACTIVE_FLAG,BRAND_NAME) VALUES (
29,'Big Tiffin (2nd)',50,240.00,0,50,1,1,'Y',NULL);
INSERT INTO PRODUCT (PROD_ID,PROD_NAME,QUANTITY,PRICE,QUANTITY_SOLD,TOTAL_QUANTITY,TYPE_ID,BRAND_ID,ACTIVE_FLAG,BRAND_NAME) VALUES (
30,'Medium Tiffin (1st)',50,100.00,0,50,1,1,'Y',NULL);
INSERT INTO PRODUCT (PROD_ID,PROD_NAME,QUANTITY,PRICE,QUANTITY_SOLD,TOTAL_QUANTITY,TYPE_ID,BRAND_ID,ACTIVE_FLAG,BRAND_NAME) VALUES (
31,'Medium Tiffin (2nd)',50,84.00,0,50,1,1,'Y',NULL);
INSERT INTO PRODUCT (PROD_ID,PROD_NAME,QUANTITY,PRICE,QUANTITY_SOLD,TOTAL_QUANTITY,TYPE_ID,BRAND_ID,ACTIVE_FLAG,BRAND_NAME) VALUES (
32,'Big Kaddai (1st)',50,60.00,0,50,1,1,'Y',NULL);
INSERT INTO PRODUCT (PROD_ID,PROD_NAME,QUANTITY,PRICE,QUANTITY_SOLD,TOTAL_QUANTITY,TYPE_ID,BRAND_ID,ACTIVE_FLAG,BRAND_NAME) VALUES (
33,'Big Kaddai (2nd)',50,51.00,0,50,1,1,'Y',NULL);
INSERT INTO PRODUCT (PROD_ID,PROD_NAME,QUANTITY,PRICE,QUANTITY_SOLD,TOTAL_QUANTITY,TYPE_ID,BRAND_ID,ACTIVE_FLAG,BRAND_NAME) VALUES (
34,'Small Kaddai (1st)',50,32.00,0,50,1,1,'Y',NULL);
INSERT INTO PRODUCT (PROD_ID,PROD_NAME,QUANTITY,PRICE,QUANTITY_SOLD,TOTAL_QUANTITY,TYPE_ID,BRAND_ID,ACTIVE_FLAG,BRAND_NAME) VALUES (
35,'Small Kaddai (2nd)',50,25.00,0,50,1,1,'Y',NULL);
INSERT INTO PRODUCT (PROD_ID,PROD_NAME,QUANTITY,PRICE,QUANTITY_SOLD,TOTAL_QUANTITY,TYPE_ID,BRAND_ID,ACTIVE_FLAG,BRAND_NAME) VALUES (
36,'Water Cooler (1st)',50,63.00,0,50,1,1,'Y',NULL);
INSERT INTO PRODUCT (PROD_ID,PROD_NAME,QUANTITY,PRICE,QUANTITY_SOLD,TOTAL_QUANTITY,TYPE_ID,BRAND_ID,ACTIVE_FLAG,BRAND_NAME) VALUES (
37,'Water Cooler (2nd)',50,54.00,0,50,1,1,'Y',NULL);
INSERT INTO PRODUCT (PROD_ID,PROD_NAME,QUANTITY,PRICE,QUANTITY_SOLD,TOTAL_QUANTITY,TYPE_ID,BRAND_ID,ACTIVE_FLAG,BRAND_NAME) VALUES (
38,'Small Round Ball Game',50,96.00,0,50,1,1,'Y',NULL);
INSERT INTO PRODUCT (PROD_ID,PROD_NAME,QUANTITY,PRICE,QUANTITY_SOLD,TOTAL_QUANTITY,TYPE_ID,BRAND_ID,ACTIVE_FLAG,BRAND_NAME) VALUES (
39,'Small Dil Ball Game',50,96.00,0,50,1,1,'Y',NULL);
INSERT INTO PRODUCT (PROD_ID,PROD_NAME,QUANTITY,PRICE,QUANTITY_SOLD,TOTAL_QUANTITY,TYPE_ID,BRAND_ID,ACTIVE_FLAG,BRAND_NAME) VALUES (
40,'Small Fisg Ball Game',50,96.00,0,50,1,1,'Y',NULL);
INSERT INTO PRODUCT (PROD_ID,PROD_NAME,QUANTITY,PRICE,QUANTITY_SOLD,TOTAL_QUANTITY,TYPE_ID,BRAND_ID,ACTIVE_FLAG,BRAND_NAME) VALUES (
41,'Big Round Ball Game',50,300.00,0,50,1,1,'Y',NULL);
INSERT INTO PRODUCT (PROD_ID,PROD_NAME,QUANTITY,PRICE,QUANTITY_SOLD,TOTAL_QUANTITY,TYPE_ID,BRAND_ID,ACTIVE_FLAG,BRAND_NAME) VALUES (
42,'Big Dill Ball Game',50,168.00,0,50,1,1,'Y',NULL);
INSERT INTO PRODUCT (PROD_ID,PROD_NAME,QUANTITY,PRICE,QUANTITY_SOLD,TOTAL_QUANTITY,TYPE_ID,BRAND_ID,ACTIVE_FLAG,BRAND_NAME) VALUES (
43,'Medium Round Ball Game',50,168.00,0,50,1,1,'Y',NULL);
INSERT INTO PRODUCT (PROD_ID,PROD_NAME,QUANTITY,PRICE,QUANTITY_SOLD,TOTAL_QUANTITY,TYPE_ID,BRAND_ID,ACTIVE_FLAG,BRAND_NAME) VALUES (
44,'Handle Basket (1st)',50,48.00,0,50,1,1,'Y',NULL);
INSERT INTO PRODUCT (PROD_ID,PROD_NAME,QUANTITY,PRICE,QUANTITY_SOLD,TOTAL_QUANTITY,TYPE_ID,BRAND_ID,ACTIVE_FLAG,BRAND_NAME) VALUES (
45,'Handle Basket (2nd)',50,38.00,0,50,1,1,'Y',NULL);
INSERT INTO PRODUCT (PROD_ID,PROD_NAME,QUANTITY,PRICE,QUANTITY_SOLD,TOTAL_QUANTITY,TYPE_ID,BRAND_ID,ACTIVE_FLAG,BRAND_NAME) VALUES (
46,'Oval Basket (1st)',50,48.00,0,50,1,1,'Y',NULL);
INSERT INTO PRODUCT (PROD_ID,PROD_NAME,QUANTITY,PRICE,QUANTITY_SOLD,TOTAL_QUANTITY,TYPE_ID,BRAND_ID,ACTIVE_FLAG,BRAND_NAME) VALUES (
47,'Oval Basket (2nd)',50,38.00,0,50,1,1,'Y',NULL);
INSERT INTO PRODUCT (PROD_ID,PROD_NAME,QUANTITY,PRICE,QUANTITY_SOLD,TOTAL_QUANTITY,TYPE_ID,BRAND_ID,ACTIVE_FLAG,BRAND_NAME) VALUES (
48,'Round Basket (1st)',50,48.00,0,50,1,1,'Y',NULL);
INSERT INTO PRODUCT (PROD_ID,PROD_NAME,QUANTITY,PRICE,QUANTITY_SOLD,TOTAL_QUANTITY,TYPE_ID,BRAND_ID,ACTIVE_FLAG,BRAND_NAME) VALUES (
49,'Round Basket (2nd)',50,36.00,0,50,1,1,'Y',NULL);
INSERT INTO PRODUCT (PROD_ID,PROD_NAME,QUANTITY,PRICE,QUANTITY_SOLD,TOTAL_QUANTITY,TYPE_ID,BRAND_ID,ACTIVE_FLAG,BRAND_NAME) VALUES (
50,'London Bus Wheel',50,168.00,0,50,1,1,'Y',NULL);
INSERT INTO PRODUCT (PROD_ID,PROD_NAME,QUANTITY,PRICE,QUANTITY_SOLD,TOTAL_QUANTITY,TYPE_ID,BRAND_ID,ACTIVE_FLAG,BRAND_NAME) VALUES (
51,'Cycle Big Wheel',50,150.00,0,50,1,1,'Y',NULL);
INSERT INTO PRODUCT (PROD_ID,PROD_NAME,QUANTITY,PRICE,QUANTITY_SOLD,TOTAL_QUANTITY,TYPE_ID,BRAND_ID,ACTIVE_FLAG,BRAND_NAME) VALUES (
52,'Cone Bambaram -1 Kg (1st)',50,115.00,0,50,1,1,'Y',NULL);
INSERT INTO PRODUCT (PROD_ID,PROD_NAME,QUANTITY,PRICE,QUANTITY_SOLD,TOTAL_QUANTITY,TYPE_ID,BRAND_ID,ACTIVE_FLAG,BRAND_NAME) VALUES (
53,'Cone Bambaram -1 Kg (2nd)',50,95.00,0,50,1,1,'Y',NULL);
INSERT INTO PRODUCT (PROD_ID,PROD_NAME,QUANTITY,PRICE,QUANTITY_SOLD,TOTAL_QUANTITY,TYPE_ID,BRAND_ID,ACTIVE_FLAG,BRAND_NAME) VALUES (
54,'Tennis Bat - 1 Kg (1st)',50,115.00,0,50,1,1,'Y',NULL);
INSERT INTO PRODUCT (PROD_ID,PROD_NAME,QUANTITY,PRICE,QUANTITY_SOLD,TOTAL_QUANTITY,TYPE_ID,BRAND_ID,ACTIVE_FLAG,BRAND_NAME) VALUES (
55,'Tennis Bat - 1 Kg (2nd)',50,95.00,0,50,1,1,'Y',NULL);
INSERT INTO PRODUCT (PROD_ID,PROD_NAME,QUANTITY,PRICE,QUANTITY_SOLD,TOTAL_QUANTITY,TYPE_ID,BRAND_ID,ACTIVE_FLAG,BRAND_NAME) VALUES (
56,'Abcd - 1Kg (1st)',50,115.00,0,50,1,1,'Y',NULL);
INSERT INTO PRODUCT (PROD_ID,PROD_NAME,QUANTITY,PRICE,QUANTITY_SOLD,TOTAL_QUANTITY,TYPE_ID,BRAND_ID,ACTIVE_FLAG,BRAND_NAME) VALUES (
57,'Abcd - 1Kg (2nd)',50,95.00,0,50,1,1,'Y',NULL);
INSERT INTO PRODUCT (PROD_ID,PROD_NAME,QUANTITY,PRICE,QUANTITY_SOLD,TOTAL_QUANTITY,TYPE_ID,BRAND_ID,ACTIVE_FLAG,BRAND_NAME) VALUES (
58,'Leaf 7000 (1st)',50,135.00,0,50,1,1,'Y',NULL);
INSERT INTO PRODUCT (PROD_ID,PROD_NAME,QUANTITY,PRICE,QUANTITY_SOLD,TOTAL_QUANTITY,TYPE_ID,BRAND_ID,ACTIVE_FLAG,BRAND_NAME) VALUES (
59,'Leaf 7000 (2nd)',50,99.00,0,50,1,1,'Y',NULL);
INSERT INTO PRODUCT (PROD_ID,PROD_NAME,QUANTITY,PRICE,QUANTITY_SOLD,TOTAL_QUANTITY,TYPE_ID,BRAND_ID,ACTIVE_FLAG,BRAND_NAME) VALUES (
60,'Leaf 3000 (1st)',50,135.00,0,50,1,1,'Y',NULL);
INSERT INTO PRODUCT (PROD_ID,PROD_NAME,QUANTITY,PRICE,QUANTITY_SOLD,TOTAL_QUANTITY,TYPE_ID,BRAND_ID,ACTIVE_FLAG,BRAND_NAME) VALUES (
61,'Leaf 3000 (2nd)',50,99.00,0,50,1,1,'Y',NULL);
INSERT INTO PRODUCT (PROD_ID,PROD_NAME,QUANTITY,PRICE,QUANTITY_SOLD,TOTAL_QUANTITY,TYPE_ID,BRAND_ID,ACTIVE_FLAG,BRAND_NAME) VALUES (
62,'Leaf 2000 (1st)',50,135.00,0,50,1,1,'Y',NULL);
INSERT INTO PRODUCT (PROD_ID,PROD_NAME,QUANTITY,PRICE,QUANTITY_SOLD,TOTAL_QUANTITY,TYPE_ID,BRAND_ID,ACTIVE_FLAG,BRAND_NAME) VALUES (
63,'Leaf 2000 (2nd)',50,99.00,0,50,1,1,'Y',NULL);
INSERT INTO PRODUCT (PROD_ID,PROD_NAME,QUANTITY,PRICE,QUANTITY_SOLD,TOTAL_QUANTITY,TYPE_ID,BRAND_ID,ACTIVE_FLAG,BRAND_NAME) VALUES (
64,'Bajaj Bambaram (1st)',50,50.00,0,50,1,1,'Y',NULL);
INSERT INTO PRODUCT (PROD_ID,PROD_NAME,QUANTITY,PRICE,QUANTITY_SOLD,TOTAL_QUANTITY,TYPE_ID,BRAND_ID,ACTIVE_FLAG,BRAND_NAME) VALUES (
65,'Bajaj Bambaram (2nd)',50,43.00,0,50,1,1,'Y',NULL);
INSERT INTO PRODUCT (PROD_ID,PROD_NAME,QUANTITY,PRICE,QUANTITY_SOLD,TOTAL_QUANTITY,TYPE_ID,BRAND_ID,ACTIVE_FLAG,BRAND_NAME) VALUES (
66,'28 Bambaram Metallic (1st)',50,27.00,0,50,1,1,'Y',NULL);
INSERT INTO PRODUCT (PROD_ID,PROD_NAME,QUANTITY,PRICE,QUANTITY_SOLD,TOTAL_QUANTITY,TYPE_ID,BRAND_ID,ACTIVE_FLAG,BRAND_NAME) VALUES (
67,'28 Bambaram Metallic (2nd)',50,24.00,0,50,1,1,'Y',NULL);
INSERT INTO PRODUCT (PROD_ID,PROD_NAME,QUANTITY,PRICE,QUANTITY_SOLD,TOTAL_QUANTITY,TYPE_ID,BRAND_ID,ACTIVE_FLAG,BRAND_NAME) VALUES (
68,'Star Bambaram - 25 Pcs (1st)',50,21.00,0,50,1,1,'Y',NULL);
INSERT INTO PRODUCT (PROD_ID,PROD_NAME,QUANTITY,PRICE,QUANTITY_SOLD,TOTAL_QUANTITY,TYPE_ID,BRAND_ID,ACTIVE_FLAG,BRAND_NAME) VALUES (
69,'Star Bambaram - 25 Pcs (2nd)',50,16.50,0,50,1,1,'Y',NULL);
INSERT INTO PRODUCT (PROD_ID,PROD_NAME,QUANTITY,PRICE,QUANTITY_SOLD,TOTAL_QUANTITY,TYPE_ID,BRAND_ID,ACTIVE_FLAG,BRAND_NAME) VALUES (
70,'Cut Bambaram - 50 Pcs (1st)',50,42.00,0,50,1,1,'Y',NULL);
INSERT INTO PRODUCT (PROD_ID,PROD_NAME,QUANTITY,PRICE,QUANTITY_SOLD,TOTAL_QUANTITY,TYPE_ID,BRAND_ID,ACTIVE_FLAG,BRAND_NAME) VALUES (
71,'Cut Bambaram - 50 Pcs (2nd)',50,35.00,0,50,1,1,'Y',NULL);
INSERT INTO PRODUCT (PROD_ID,PROD_NAME,QUANTITY,PRICE,QUANTITY_SOLD,TOTAL_QUANTITY,TYPE_ID,BRAND_ID,ACTIVE_FLAG,BRAND_NAME) VALUES (
72,'Thanush Small (1st)',50,48.00,0,50,1,1,'Y',NULL);
INSERT INTO PRODUCT (PROD_ID,PROD_NAME,QUANTITY,PRICE,QUANTITY_SOLD,TOTAL_QUANTITY,TYPE_ID,BRAND_ID,ACTIVE_FLAG,BRAND_NAME) VALUES (
73,'Thanush Small (2nd)',50,35.00,0,50,1,1,'Y',NULL);
INSERT INTO PRODUCT (PROD_ID,PROD_NAME,QUANTITY,PRICE,QUANTITY_SOLD,TOTAL_QUANTITY,TYPE_ID,BRAND_ID,ACTIVE_FLAG,BRAND_NAME) VALUES (
74,'Stick Fan (1st)',50,84.00,0,50,1,1,'Y',NULL);
INSERT INTO PRODUCT (PROD_ID,PROD_NAME,QUANTITY,PRICE,QUANTITY_SOLD,TOTAL_QUANTITY,TYPE_ID,BRAND_ID,ACTIVE_FLAG,BRAND_NAME) VALUES (
75,'Stick Fan (2nd)',50,66.00,0,50,1,1,'Y',NULL);
INSERT INTO PRODUCT (PROD_ID,PROD_NAME,QUANTITY,PRICE,QUANTITY_SOLD,TOTAL_QUANTITY,TYPE_ID,BRAND_ID,ACTIVE_FLAG,BRAND_NAME) VALUES (
76,'100 Wheel',50,65.00,0,50,1,1,'Y',NULL);
INSERT INTO PRODUCT (PROD_ID,PROD_NAME,QUANTITY,PRICE,QUANTITY_SOLD,TOTAL_QUANTITY,TYPE_ID,BRAND_ID,ACTIVE_FLAG,BRAND_NAME) VALUES (
77,'85 Wheel',50,55.00,0,50,1,1,'Y',NULL);
INSERT INTO PRODUCT (PROD_ID,PROD_NAME,QUANTITY,PRICE,QUANTITY_SOLD,TOTAL_QUANTITY,TYPE_ID,BRAND_ID,ACTIVE_FLAG,BRAND_NAME) VALUES (
78,'75 Wheel',50,38.00,0,50,1,1,'Y',NULL);
INSERT INTO PRODUCT (PROD_ID,PROD_NAME,QUANTITY,PRICE,QUANTITY_SOLD,TOTAL_QUANTITY,TYPE_ID,BRAND_ID,ACTIVE_FLAG,BRAND_NAME) VALUES (
79,'Baloon Cup - 100 Pcs (1st)',50,36.00,0,50,1,1,'Y',NULL);
INSERT INTO PRODUCT (PROD_ID,PROD_NAME,QUANTITY,PRICE,QUANTITY_SOLD,TOTAL_QUANTITY,TYPE_ID,BRAND_ID,ACTIVE_FLAG,BRAND_NAME) VALUES (
80,'Baloon Cup - 100 Pcs (2nd)',50,26.00,0,50,1,1,'Y',NULL);
INSERT INTO PRODUCT (PROD_ID,PROD_NAME,QUANTITY,PRICE,QUANTITY_SOLD,TOTAL_QUANTITY,TYPE_ID,BRAND_ID,ACTIVE_FLAG,BRAND_NAME) VALUES (
81,'Mustache Whistle - 500 Pcs (1st)',50,96.00,0,50,1,1,'Y',NULL);
INSERT INTO PRODUCT (PROD_ID,PROD_NAME,QUANTITY,PRICE,QUANTITY_SOLD,TOTAL_QUANTITY,TYPE_ID,BRAND_ID,ACTIVE_FLAG,BRAND_NAME) VALUES (
82,'Mustache Whistle - 500 Pcs (2nd)',50,105.00,0,50,1,1,'Y',NULL);
INSERT INTO PRODUCT (PROD_ID,PROD_NAME,QUANTITY,PRICE,QUANTITY_SOLD,TOTAL_QUANTITY,TYPE_ID,BRAND_ID,ACTIVE_FLAG,BRAND_NAME) VALUES (
83,'Whistle - 1000 Pcs',50,90.00,0,50,1,1,'Y',NULL);
INSERT INTO PRODUCT (PROD_ID,PROD_NAME,QUANTITY,PRICE,QUANTITY_SOLD,TOTAL_QUANTITY,TYPE_ID,BRAND_ID,ACTIVE_FLAG,BRAND_NAME) VALUES (
84,'82 Fan - 1000 Pcs (1st)',50,72.00,0,50,1,1,'Y',NULL);
INSERT INTO PRODUCT (PROD_ID,PROD_NAME,QUANTITY,PRICE,QUANTITY_SOLD,TOTAL_QUANTITY,TYPE_ID,BRAND_ID,ACTIVE_FLAG,BRAND_NAME) VALUES (
85,'82 Fan - 1000 Pcs (2nd)',50,60.00,0,50,1,1,'Y',NULL);
INSERT INTO PRODUCT (PROD_ID,PROD_NAME,QUANTITY,PRICE,QUANTITY_SOLD,TOTAL_QUANTITY,TYPE_ID,BRAND_ID,ACTIVE_FLAG,BRAND_NAME) VALUES (
86,'82 Fan - S Model (1st)',50,72.00,0,50,1,1,'Y',NULL);
INSERT INTO PRODUCT (PROD_ID,PROD_NAME,QUANTITY,PRICE,QUANTITY_SOLD,TOTAL_QUANTITY,TYPE_ID,BRAND_ID,ACTIVE_FLAG,BRAND_NAME) VALUES (
87,'82 Fan - S Model (2nd)',50,60.00,0,50,1,1,'Y',NULL);
INSERT INTO PRODUCT (PROD_ID,PROD_NAME,QUANTITY,PRICE,QUANTITY_SOLD,TOTAL_QUANTITY,TYPE_ID,BRAND_ID,ACTIVE_FLAG,BRAND_NAME) VALUES (
88,'Small Abcd - 5500 Pcs (1st)',50,115.00,0,50,1,1,'Y',NULL);
INSERT INTO PRODUCT (PROD_ID,PROD_NAME,QUANTITY,PRICE,QUANTITY_SOLD,TOTAL_QUANTITY,TYPE_ID,BRAND_ID,ACTIVE_FLAG,BRAND_NAME) VALUES (
89,'Small Abcd - 5500 Pcs (2nd)',50,95.00,0,50,1,1,'Y',NULL);
INSERT INTO PRODUCT (PROD_ID,PROD_NAME,QUANTITY,PRICE,QUANTITY_SOLD,TOTAL_QUANTITY,TYPE_ID,BRAND_ID,ACTIVE_FLAG,BRAND_NAME) VALUES (
90,'Car Bus Stick - 1600 Pcs (1st)',50,115.00,0,50,1,1,'Y',NULL);
INSERT INTO PRODUCT (PROD_ID,PROD_NAME,QUANTITY,PRICE,QUANTITY_SOLD,TOTAL_QUANTITY,TYPE_ID,BRAND_ID,ACTIVE_FLAG,BRAND_NAME) VALUES (
91,'Car Bus Stick - 1600 Pcs (2nd)',50,95.00,0,50,1,1,'Y',NULL);
INSERT INTO PRODUCT (PROD_ID,PROD_NAME,QUANTITY,PRICE,QUANTITY_SOLD,TOTAL_QUANTITY,TYPE_ID,BRAND_ID,ACTIVE_FLAG,BRAND_NAME) VALUES (
92,'Car Bus Stick - 3300 Pcs (1st)',50,115.00,0,50,1,1,'Y',NULL);
INSERT INTO PRODUCT (PROD_ID,PROD_NAME,QUANTITY,PRICE,QUANTITY_SOLD,TOTAL_QUANTITY,TYPE_ID,BRAND_ID,ACTIVE_FLAG,BRAND_NAME) VALUES (
93,'Car Bus Stick - 3300 Pcs (2nd)',50,95.00,0,50,1,1,'Y',NULL);
INSERT INTO PRODUCT (PROD_ID,PROD_NAME,QUANTITY,PRICE,QUANTITY_SOLD,TOTAL_QUANTITY,TYPE_ID,BRAND_ID,ACTIVE_FLAG,BRAND_NAME) VALUES (
94,'Cartoon Stick (1st)',50,115.00,0,50,1,1,'Y',NULL);
INSERT INTO PRODUCT (PROD_ID,PROD_NAME,QUANTITY,PRICE,QUANTITY_SOLD,TOTAL_QUANTITY,TYPE_ID,BRAND_ID,ACTIVE_FLAG,BRAND_NAME) VALUES (
95,'Cartoon Stick (2nd)',50,95.00,0,50,1,1,'Y',NULL);
INSERT INTO PRODUCT (PROD_ID,PROD_NAME,QUANTITY,PRICE,QUANTITY_SOLD,TOTAL_QUANTITY,TYPE_ID,BRAND_ID,ACTIVE_FLAG,BRAND_NAME) VALUES (
96,'Bambaram - 500 Pcs (1st)',50,16.00,0,50,1,1,'Y',NULL);
INSERT INTO PRODUCT (PROD_ID,PROD_NAME,QUANTITY,PRICE,QUANTITY_SOLD,TOTAL_QUANTITY,TYPE_ID,BRAND_ID,ACTIVE_FLAG,BRAND_NAME) VALUES (
97,'Bambaram - 500 Pcs (2nd)',50,48.00,0,50,1,1,'Y',NULL);
INSERT INTO PRODUCT (PROD_ID,PROD_NAME,QUANTITY,PRICE,QUANTITY_SOLD,TOTAL_QUANTITY,TYPE_ID,BRAND_ID,ACTIVE_FLAG,BRAND_NAME) VALUES (
98,'Tv Fridge Sweet Toys (1st)',50,48.00,0,50,1,1,'Y',NULL);
INSERT INTO PRODUCT (PROD_ID,PROD_NAME,QUANTITY,PRICE,QUANTITY_SOLD,TOTAL_QUANTITY,TYPE_ID,BRAND_ID,ACTIVE_FLAG,BRAND_NAME) VALUES (
99,'Tv Fridge Sweet Toys (2nd)',50,35.00,0,50,1,1,'Y',NULL);
INSERT INTO PRODUCT (PROD_ID,PROD_NAME,QUANTITY,PRICE,QUANTITY_SOLD,TOTAL_QUANTITY,TYPE_ID,BRAND_ID,ACTIVE_FLAG,BRAND_NAME) VALUES (
100,'Big Bambaram (1st)',50,96.00,0,50,1,1,'Y',NULL);
INSERT INTO PRODUCT (PROD_ID,PROD_NAME,QUANTITY,PRICE,QUANTITY_SOLD,TOTAL_QUANTITY,TYPE_ID,BRAND_ID,ACTIVE_FLAG,BRAND_NAME) VALUES (
101,'Big Bambaram (2nd)',50,72.00,0,50,1,1,'Y',NULL);
INSERT INTO PRODUCT (PROD_ID,PROD_NAME,QUANTITY,PRICE,QUANTITY_SOLD,TOTAL_QUANTITY,TYPE_ID,BRAND_ID,ACTIVE_FLAG,BRAND_NAME) VALUES (
102,'Skeleton Stick (1st)',50,115.00,0,50,1,1,'Y',NULL);
INSERT INTO PRODUCT (PROD_ID,PROD_NAME,QUANTITY,PRICE,QUANTITY_SOLD,TOTAL_QUANTITY,TYPE_ID,BRAND_ID,ACTIVE_FLAG,BRAND_NAME) VALUES (
103,'Skeleton Stick (2nd)',50,95.00,0,50,1,1,'Y',NULL);
INSERT INTO PRODUCT (PROD_ID,PROD_NAME,QUANTITY,PRICE,QUANTITY_SOLD,TOTAL_QUANTITY,TYPE_ID,BRAND_ID,ACTIVE_FLAG,BRAND_NAME) VALUES (
104,'Watch Stick (1st)',50,115.00,0,50,1,1,'Y',NULL);
INSERT INTO PRODUCT (PROD_ID,PROD_NAME,QUANTITY,PRICE,QUANTITY_SOLD,TOTAL_QUANTITY,TYPE_ID,BRAND_ID,ACTIVE_FLAG,BRAND_NAME) VALUES (
105,'Watch Stick (2nd)',50,95.00,0,50,1,1,'Y',NULL);
INSERT INTO PRODUCT (PROD_ID,PROD_NAME,QUANTITY,PRICE,QUANTITY_SOLD,TOTAL_QUANTITY,TYPE_ID,BRAND_ID,ACTIVE_FLAG,BRAND_NAME) VALUES (
106,'Monica Animal Stick (1st)',50,115.00,0,50,1,1,'Y',NULL);
INSERT INTO PRODUCT (PROD_ID,PROD_NAME,QUANTITY,PRICE,QUANTITY_SOLD,TOTAL_QUANTITY,TYPE_ID,BRAND_ID,ACTIVE_FLAG,BRAND_NAME) VALUES (
107,'Monica Animal Stick (2nd)',50,95.00,0,50,1,1,'Y',NULL);
INSERT INTO PRODUCT (PROD_ID,PROD_NAME,QUANTITY,PRICE,QUANTITY_SOLD,TOTAL_QUANTITY,TYPE_ID,BRAND_ID,ACTIVE_FLAG,BRAND_NAME) VALUES (
108,'Monica Flower Stick (1st)',50,115.00,0,50,1,1,'Y',NULL);
INSERT INTO PRODUCT (PROD_ID,PROD_NAME,QUANTITY,PRICE,QUANTITY_SOLD,TOTAL_QUANTITY,TYPE_ID,BRAND_ID,ACTIVE_FLAG,BRAND_NAME) VALUES (
109,'Monica Flower Stick (2nd)',50,95.00,0,50,1,1,'Y',NULL);
INSERT INTO PRODUCT (PROD_ID,PROD_NAME,QUANTITY,PRICE,QUANTITY_SOLD,TOTAL_QUANTITY,TYPE_ID,BRAND_ID,ACTIVE_FLAG,BRAND_NAME) VALUES (
110,'Monica Spoon Stick (1st)',50,115.00,0,50,1,1,'Y',NULL);
INSERT INTO PRODUCT (PROD_ID,PROD_NAME,QUANTITY,PRICE,QUANTITY_SOLD,TOTAL_QUANTITY,TYPE_ID,BRAND_ID,ACTIVE_FLAG,BRAND_NAME) VALUES (
111,'Monica Spoon Stick (2nd)',50,95.00,0,50,1,1,'Y',NULL);
INSERT INTO PRODUCT (PROD_ID,PROD_NAME,QUANTITY,PRICE,QUANTITY_SOLD,TOTAL_QUANTITY,TYPE_ID,BRAND_ID,ACTIVE_FLAG,BRAND_NAME) VALUES (
112,'Monica 500 Pcs Bambaram',50,48.00,0,50,1,1,'Y',NULL);
INSERT INTO PRODUCT (PROD_ID,PROD_NAME,QUANTITY,PRICE,QUANTITY_SOLD,TOTAL_QUANTITY,TYPE_ID,BRAND_ID,ACTIVE_FLAG,BRAND_NAME) VALUES (
113,'Nail Ring',50,84.00,0,50,1,1,'Y',NULL);

INSERT INTO PRODUCT_BRAND (BRAND_ID,BRAND_NAME) VALUES (
1,'Other');


INSERT INTO PRODUCT_TYPE (PRODUCT_TYPE_ID,TYPE_DESC) VALUES (
1,'Toy');

INSERT INTO USERS (USER_ID,USER_NAME,PASSWORD,ENABLED,CREATED_TS,MODIFIED_TS) VALUES (
1,'admin','demo',1,'2016-08-23 14:15:47.800',NULL);
INSERT INTO USERS (USER_ID,USER_NAME,PASSWORD,ENABLED,CREATED_TS,MODIFIED_TS) VALUES (
2,'user','demo',1,'2016-08-23 14:15:47.800',NULL);

INSERT INTO USER_ROLES (USER_ROLE_ID,USER_NAME,"ROLE") VALUES (
1,'admin','ROLE_ADMIN');
INSERT INTO USER_ROLES (USER_ROLE_ID,USER_NAME,"ROLE") VALUES (
2,'admin','ROLE_USER');
INSERT INTO USER_ROLES (USER_ROLE_ID,USER_NAME,"ROLE") VALUES (
3,'user','ROLE_USER');


INSERT INTO LAYOUT (LAYOUT_ID,LAYOUT_NAME,TOTAL_TABS,TOTAL_PAGES,CREATED_TS,MODIFIED_TS) VALUES (
1,'Layout 1',1,1,NULL,NULL);
INSERT INTO LAYOUT (LAYOUT_ID,LAYOUT_NAME,TOTAL_TABS,TOTAL_PAGES,CREATED_TS,MODIFIED_TS) VALUES (
2,'Layout 2',6,1,NULL,NULL);

INSERT INTO LAYOUT_DETAILS (LAYOUT_DETAIL_ID,PROD_ID,PAGE_NO,TAB_NO,COLOR_CODE,LAYOUT_ID,CREATED_TS,MODIFIED_TS) VALUES (
108,2,1,1,'info',2,NULL,NULL);
INSERT INTO LAYOUT_DETAILS (LAYOUT_DETAIL_ID,PROD_ID,PAGE_NO,TAB_NO,COLOR_CODE,LAYOUT_ID,CREATED_TS,MODIFIED_TS) VALUES (
109,3,1,1,'success',2,NULL,NULL);
INSERT INTO LAYOUT_DETAILS (LAYOUT_DETAIL_ID,PROD_ID,PAGE_NO,TAB_NO,COLOR_CODE,LAYOUT_ID,CREATED_TS,MODIFIED_TS) VALUES (
110,4,1,1,'warning',2,NULL,NULL);
INSERT INTO LAYOUT_DETAILS (LAYOUT_DETAIL_ID,PROD_ID,PAGE_NO,TAB_NO,COLOR_CODE,LAYOUT_ID,CREATED_TS,MODIFIED_TS) VALUES (
111,5,1,1,'danger',2,NULL,NULL);
INSERT INTO LAYOUT_DETAILS (LAYOUT_DETAIL_ID,PROD_ID,PAGE_NO,TAB_NO,COLOR_CODE,LAYOUT_ID,CREATED_TS,MODIFIED_TS) VALUES (
112,6,1,1,'info',2,NULL,NULL);
INSERT INTO LAYOUT_DETAILS (LAYOUT_DETAIL_ID,PROD_ID,PAGE_NO,TAB_NO,COLOR_CODE,LAYOUT_ID,CREATED_TS,MODIFIED_TS) VALUES (
113,7,1,1,'success',2,NULL,NULL);
INSERT INTO LAYOUT_DETAILS (LAYOUT_DETAIL_ID,PROD_ID,PAGE_NO,TAB_NO,COLOR_CODE,LAYOUT_ID,CREATED_TS,MODIFIED_TS) VALUES (
114,8,1,1,'info',2,NULL,NULL);
INSERT INTO LAYOUT_DETAILS (LAYOUT_DETAIL_ID,PROD_ID,PAGE_NO,TAB_NO,COLOR_CODE,LAYOUT_ID,CREATED_TS,MODIFIED_TS) VALUES (
115,9,1,1,'success',2,NULL,NULL);
INSERT INTO LAYOUT_DETAILS (LAYOUT_DETAIL_ID,PROD_ID,PAGE_NO,TAB_NO,COLOR_CODE,LAYOUT_ID,CREATED_TS,MODIFIED_TS) VALUES (
116,10,1,1,'warning',2,NULL,NULL);
INSERT INTO LAYOUT_DETAILS (LAYOUT_DETAIL_ID,PROD_ID,PAGE_NO,TAB_NO,COLOR_CODE,LAYOUT_ID,CREATED_TS,MODIFIED_TS) VALUES (
117,11,1,1,'danger',2,NULL,NULL);
INSERT INTO LAYOUT_DETAILS (LAYOUT_DETAIL_ID,PROD_ID,PAGE_NO,TAB_NO,COLOR_CODE,LAYOUT_ID,CREATED_TS,MODIFIED_TS) VALUES (
118,12,1,1,'info',2,NULL,NULL);
INSERT INTO LAYOUT_DETAILS (LAYOUT_DETAIL_ID,PROD_ID,PAGE_NO,TAB_NO,COLOR_CODE,LAYOUT_ID,CREATED_TS,MODIFIED_TS) VALUES (
119,13,1,1,'success',2,NULL,NULL);
INSERT INTO LAYOUT_DETAILS (LAYOUT_DETAIL_ID,PROD_ID,PAGE_NO,TAB_NO,COLOR_CODE,LAYOUT_ID,CREATED_TS,MODIFIED_TS) VALUES (
120,14,1,1,'info',2,NULL,NULL);
INSERT INTO LAYOUT_DETAILS (LAYOUT_DETAIL_ID,PROD_ID,PAGE_NO,TAB_NO,COLOR_CODE,LAYOUT_ID,CREATED_TS,MODIFIED_TS) VALUES (
121,15,1,1,'success',2,NULL,NULL);
INSERT INTO LAYOUT_DETAILS (LAYOUT_DETAIL_ID,PROD_ID,PAGE_NO,TAB_NO,COLOR_CODE,LAYOUT_ID,CREATED_TS,MODIFIED_TS) VALUES (
122,16,1,1,'warning',2,NULL,NULL);
INSERT INTO LAYOUT_DETAILS (LAYOUT_DETAIL_ID,PROD_ID,PAGE_NO,TAB_NO,COLOR_CODE,LAYOUT_ID,CREATED_TS,MODIFIED_TS) VALUES (
123,17,1,1,'danger',2,NULL,NULL);
INSERT INTO LAYOUT_DETAILS (LAYOUT_DETAIL_ID,PROD_ID,PAGE_NO,TAB_NO,COLOR_CODE,LAYOUT_ID,CREATED_TS,MODIFIED_TS) VALUES (
124,18,1,1,'info',2,NULL,NULL);
INSERT INTO LAYOUT_DETAILS (LAYOUT_DETAIL_ID,PROD_ID,PAGE_NO,TAB_NO,COLOR_CODE,LAYOUT_ID,CREATED_TS,MODIFIED_TS) VALUES (
125,19,1,1,'success',2,NULL,NULL);
INSERT INTO LAYOUT_DETAILS (LAYOUT_DETAIL_ID,PROD_ID,PAGE_NO,TAB_NO,COLOR_CODE,LAYOUT_ID,CREATED_TS,MODIFIED_TS) VALUES (
126,24,1,2,'info',2,NULL,NULL);
INSERT INTO LAYOUT_DETAILS (LAYOUT_DETAIL_ID,PROD_ID,PAGE_NO,TAB_NO,COLOR_CODE,LAYOUT_ID,CREATED_TS,MODIFIED_TS) VALUES (
127,25,1,2,'success',2,NULL,NULL);
INSERT INTO LAYOUT_DETAILS (LAYOUT_DETAIL_ID,PROD_ID,PAGE_NO,TAB_NO,COLOR_CODE,LAYOUT_ID,CREATED_TS,MODIFIED_TS) VALUES (
128,26,1,2,'warning',2,NULL,NULL);
INSERT INTO LAYOUT_DETAILS (LAYOUT_DETAIL_ID,PROD_ID,PAGE_NO,TAB_NO,COLOR_CODE,LAYOUT_ID,CREATED_TS,MODIFIED_TS) VALUES (
129,27,1,2,'danger',2,NULL,NULL);
INSERT INTO LAYOUT_DETAILS (LAYOUT_DETAIL_ID,PROD_ID,PAGE_NO,TAB_NO,COLOR_CODE,LAYOUT_ID,CREATED_TS,MODIFIED_TS) VALUES (
130,28,1,2,'info',2,NULL,NULL);
INSERT INTO LAYOUT_DETAILS (LAYOUT_DETAIL_ID,PROD_ID,PAGE_NO,TAB_NO,COLOR_CODE,LAYOUT_ID,CREATED_TS,MODIFIED_TS) VALUES (
131,29,1,2,'success',2,NULL,NULL);
INSERT INTO LAYOUT_DETAILS (LAYOUT_DETAIL_ID,PROD_ID,PAGE_NO,TAB_NO,COLOR_CODE,LAYOUT_ID,CREATED_TS,MODIFIED_TS) VALUES (
132,20,1,2,'info',2,NULL,NULL);
INSERT INTO LAYOUT_DETAILS (LAYOUT_DETAIL_ID,PROD_ID,PAGE_NO,TAB_NO,COLOR_CODE,LAYOUT_ID,CREATED_TS,MODIFIED_TS) VALUES (
133,31,1,2,'success',2,NULL,NULL);
INSERT INTO LAYOUT_DETAILS (LAYOUT_DETAIL_ID,PROD_ID,PAGE_NO,TAB_NO,COLOR_CODE,LAYOUT_ID,CREATED_TS,MODIFIED_TS) VALUES (
134,32,1,2,'warning',2,NULL,NULL);
INSERT INTO LAYOUT_DETAILS (LAYOUT_DETAIL_ID,PROD_ID,PAGE_NO,TAB_NO,COLOR_CODE,LAYOUT_ID,CREATED_TS,MODIFIED_TS) VALUES (
135,33,1,2,'danger',2,NULL,NULL);
INSERT INTO LAYOUT_DETAILS (LAYOUT_DETAIL_ID,PROD_ID,PAGE_NO,TAB_NO,COLOR_CODE,LAYOUT_ID,CREATED_TS,MODIFIED_TS) VALUES (
136,34,1,2,'info',2,NULL,NULL);
INSERT INTO LAYOUT_DETAILS (LAYOUT_DETAIL_ID,PROD_ID,PAGE_NO,TAB_NO,COLOR_CODE,LAYOUT_ID,CREATED_TS,MODIFIED_TS) VALUES (
137,35,1,2,'success',2,NULL,NULL);
INSERT INTO LAYOUT_DETAILS (LAYOUT_DETAIL_ID,PROD_ID,PAGE_NO,TAB_NO,COLOR_CODE,LAYOUT_ID,CREATED_TS,MODIFIED_TS) VALUES (
138,36,1,2,'info',2,NULL,NULL);
INSERT INTO LAYOUT_DETAILS (LAYOUT_DETAIL_ID,PROD_ID,PAGE_NO,TAB_NO,COLOR_CODE,LAYOUT_ID,CREATED_TS,MODIFIED_TS) VALUES (
139,37,1,2,'success',2,NULL,NULL);
INSERT INTO LAYOUT_DETAILS (LAYOUT_DETAIL_ID,PROD_ID,PAGE_NO,TAB_NO,COLOR_CODE,LAYOUT_ID,CREATED_TS,MODIFIED_TS) VALUES (
140,38,1,2,'warning',2,NULL,NULL);
INSERT INTO LAYOUT_DETAILS (LAYOUT_DETAIL_ID,PROD_ID,PAGE_NO,TAB_NO,COLOR_CODE,LAYOUT_ID,CREATED_TS,MODIFIED_TS) VALUES (
141,39,1,2,'danger',2,NULL,NULL);
INSERT INTO LAYOUT_DETAILS (LAYOUT_DETAIL_ID,PROD_ID,PAGE_NO,TAB_NO,COLOR_CODE,LAYOUT_ID,CREATED_TS,MODIFIED_TS) VALUES (
142,30,1,2,'info',2,NULL,NULL);
INSERT INTO LAYOUT_DETAILS (LAYOUT_DETAIL_ID,PROD_ID,PAGE_NO,TAB_NO,COLOR_CODE,LAYOUT_ID,CREATED_TS,MODIFIED_TS) VALUES (
143,41,1,2,'success',2,NULL,NULL);
INSERT INTO LAYOUT_DETAILS (LAYOUT_DETAIL_ID,PROD_ID,PAGE_NO,TAB_NO,COLOR_CODE,LAYOUT_ID,CREATED_TS,MODIFIED_TS) VALUES (
144,42,1,3,'info',2,NULL,NULL);
INSERT INTO LAYOUT_DETAILS (LAYOUT_DETAIL_ID,PROD_ID,PAGE_NO,TAB_NO,COLOR_CODE,LAYOUT_ID,CREATED_TS,MODIFIED_TS) VALUES (
145,43,1,3,'success',2,NULL,NULL);
INSERT INTO LAYOUT_DETAILS (LAYOUT_DETAIL_ID,PROD_ID,PAGE_NO,TAB_NO,COLOR_CODE,LAYOUT_ID,CREATED_TS,MODIFIED_TS) VALUES (
146,44,1,3,'warning',2,NULL,NULL);
INSERT INTO LAYOUT_DETAILS (LAYOUT_DETAIL_ID,PROD_ID,PAGE_NO,TAB_NO,COLOR_CODE,LAYOUT_ID,CREATED_TS,MODIFIED_TS) VALUES (
147,45,1,3,'danger',2,NULL,NULL);
INSERT INTO LAYOUT_DETAILS (LAYOUT_DETAIL_ID,PROD_ID,PAGE_NO,TAB_NO,COLOR_CODE,LAYOUT_ID,CREATED_TS,MODIFIED_TS) VALUES (
148,46,1,3,'info',2,NULL,NULL);
INSERT INTO LAYOUT_DETAILS (LAYOUT_DETAIL_ID,PROD_ID,PAGE_NO,TAB_NO,COLOR_CODE,LAYOUT_ID,CREATED_TS,MODIFIED_TS) VALUES (
149,47,1,3,'success',2,NULL,NULL);
INSERT INTO LAYOUT_DETAILS (LAYOUT_DETAIL_ID,PROD_ID,PAGE_NO,TAB_NO,COLOR_CODE,LAYOUT_ID,CREATED_TS,MODIFIED_TS) VALUES (
150,48,1,3,'info',2,NULL,NULL);
INSERT INTO LAYOUT_DETAILS (LAYOUT_DETAIL_ID,PROD_ID,PAGE_NO,TAB_NO,COLOR_CODE,LAYOUT_ID,CREATED_TS,MODIFIED_TS) VALUES (
151,49,1,3,'success',2,NULL,NULL);
INSERT INTO LAYOUT_DETAILS (LAYOUT_DETAIL_ID,PROD_ID,PAGE_NO,TAB_NO,COLOR_CODE,LAYOUT_ID,CREATED_TS,MODIFIED_TS) VALUES (
152,40,1,3,'warning',2,NULL,NULL);
INSERT INTO LAYOUT_DETAILS (LAYOUT_DETAIL_ID,PROD_ID,PAGE_NO,TAB_NO,COLOR_CODE,LAYOUT_ID,CREATED_TS,MODIFIED_TS) VALUES (
153,51,1,3,'danger',2,NULL,NULL);
INSERT INTO LAYOUT_DETAILS (LAYOUT_DETAIL_ID,PROD_ID,PAGE_NO,TAB_NO,COLOR_CODE,LAYOUT_ID,CREATED_TS,MODIFIED_TS) VALUES (
154,52,1,3,'info',2,NULL,NULL);
INSERT INTO LAYOUT_DETAILS (LAYOUT_DETAIL_ID,PROD_ID,PAGE_NO,TAB_NO,COLOR_CODE,LAYOUT_ID,CREATED_TS,MODIFIED_TS) VALUES (
155,53,1,3,'success',2,NULL,NULL);
INSERT INTO LAYOUT_DETAILS (LAYOUT_DETAIL_ID,PROD_ID,PAGE_NO,TAB_NO,COLOR_CODE,LAYOUT_ID,CREATED_TS,MODIFIED_TS) VALUES (
156,54,1,3,'info',2,NULL,NULL);
INSERT INTO LAYOUT_DETAILS (LAYOUT_DETAIL_ID,PROD_ID,PAGE_NO,TAB_NO,COLOR_CODE,LAYOUT_ID,CREATED_TS,MODIFIED_TS) VALUES (
157,55,1,3,'success',2,NULL,NULL);
INSERT INTO LAYOUT_DETAILS (LAYOUT_DETAIL_ID,PROD_ID,PAGE_NO,TAB_NO,COLOR_CODE,LAYOUT_ID,CREATED_TS,MODIFIED_TS) VALUES (
158,56,1,3,'warning',2,NULL,NULL);
INSERT INTO LAYOUT_DETAILS (LAYOUT_DETAIL_ID,PROD_ID,PAGE_NO,TAB_NO,COLOR_CODE,LAYOUT_ID,CREATED_TS,MODIFIED_TS) VALUES (
159,57,1,3,'danger',2,NULL,NULL);
INSERT INTO LAYOUT_DETAILS (LAYOUT_DETAIL_ID,PROD_ID,PAGE_NO,TAB_NO,COLOR_CODE,LAYOUT_ID,CREATED_TS,MODIFIED_TS) VALUES (
160,58,1,3,'info',2,NULL,NULL);
INSERT INTO LAYOUT_DETAILS (LAYOUT_DETAIL_ID,PROD_ID,PAGE_NO,TAB_NO,COLOR_CODE,LAYOUT_ID,CREATED_TS,MODIFIED_TS) VALUES (
161,59,1,3,'success',2,NULL,NULL);
INSERT INTO LAYOUT_DETAILS (LAYOUT_DETAIL_ID,PROD_ID,PAGE_NO,TAB_NO,COLOR_CODE,LAYOUT_ID,CREATED_TS,MODIFIED_TS) VALUES (
162,50,1,3,'info',2,NULL,NULL);
INSERT INTO LAYOUT_DETAILS (LAYOUT_DETAIL_ID,PROD_ID,PAGE_NO,TAB_NO,COLOR_CODE,LAYOUT_ID,CREATED_TS,MODIFIED_TS) VALUES (
163,61,1,4,'success',2,NULL,NULL);
INSERT INTO LAYOUT_DETAILS (LAYOUT_DETAIL_ID,PROD_ID,PAGE_NO,TAB_NO,COLOR_CODE,LAYOUT_ID,CREATED_TS,MODIFIED_TS) VALUES (
164,62,1,4,'warning',2,NULL,NULL);
INSERT INTO LAYOUT_DETAILS (LAYOUT_DETAIL_ID,PROD_ID,PAGE_NO,TAB_NO,COLOR_CODE,LAYOUT_ID,CREATED_TS,MODIFIED_TS) VALUES (
165,63,1,4,'danger',2,NULL,NULL);
INSERT INTO LAYOUT_DETAILS (LAYOUT_DETAIL_ID,PROD_ID,PAGE_NO,TAB_NO,COLOR_CODE,LAYOUT_ID,CREATED_TS,MODIFIED_TS) VALUES (
166,64,1,4,'info',2,NULL,NULL);
INSERT INTO LAYOUT_DETAILS (LAYOUT_DETAIL_ID,PROD_ID,PAGE_NO,TAB_NO,COLOR_CODE,LAYOUT_ID,CREATED_TS,MODIFIED_TS) VALUES (
167,65,1,4,'success',2,NULL,NULL);
INSERT INTO LAYOUT_DETAILS (LAYOUT_DETAIL_ID,PROD_ID,PAGE_NO,TAB_NO,COLOR_CODE,LAYOUT_ID,CREATED_TS,MODIFIED_TS) VALUES (
168,66,1,4,'info',2,NULL,NULL);
INSERT INTO LAYOUT_DETAILS (LAYOUT_DETAIL_ID,PROD_ID,PAGE_NO,TAB_NO,COLOR_CODE,LAYOUT_ID,CREATED_TS,MODIFIED_TS) VALUES (
169,67,1,4,'success',2,NULL,NULL);
INSERT INTO LAYOUT_DETAILS (LAYOUT_DETAIL_ID,PROD_ID,PAGE_NO,TAB_NO,COLOR_CODE,LAYOUT_ID,CREATED_TS,MODIFIED_TS) VALUES (
170,68,1,4,'warning',2,NULL,NULL);
INSERT INTO LAYOUT_DETAILS (LAYOUT_DETAIL_ID,PROD_ID,PAGE_NO,TAB_NO,COLOR_CODE,LAYOUT_ID,CREATED_TS,MODIFIED_TS) VALUES (
171,69,1,4,'danger',2,NULL,NULL);
INSERT INTO LAYOUT_DETAILS (LAYOUT_DETAIL_ID,PROD_ID,PAGE_NO,TAB_NO,COLOR_CODE,LAYOUT_ID,CREATED_TS,MODIFIED_TS) VALUES (
172,60,1,4,'info',2,NULL,NULL);
INSERT INTO LAYOUT_DETAILS (LAYOUT_DETAIL_ID,PROD_ID,PAGE_NO,TAB_NO,COLOR_CODE,LAYOUT_ID,CREATED_TS,MODIFIED_TS) VALUES (
173,71,1,4,'success',2,NULL,NULL);
INSERT INTO LAYOUT_DETAILS (LAYOUT_DETAIL_ID,PROD_ID,PAGE_NO,TAB_NO,COLOR_CODE,LAYOUT_ID,CREATED_TS,MODIFIED_TS) VALUES (
174,72,1,4,'info',2,NULL,NULL);
INSERT INTO LAYOUT_DETAILS (LAYOUT_DETAIL_ID,PROD_ID,PAGE_NO,TAB_NO,COLOR_CODE,LAYOUT_ID,CREATED_TS,MODIFIED_TS) VALUES (
175,73,1,4,'success',2,NULL,NULL);
INSERT INTO LAYOUT_DETAILS (LAYOUT_DETAIL_ID,PROD_ID,PAGE_NO,TAB_NO,COLOR_CODE,LAYOUT_ID,CREATED_TS,MODIFIED_TS) VALUES (
176,74,1,4,'warning',2,NULL,NULL);
INSERT INTO LAYOUT_DETAILS (LAYOUT_DETAIL_ID,PROD_ID,PAGE_NO,TAB_NO,COLOR_CODE,LAYOUT_ID,CREATED_TS,MODIFIED_TS) VALUES (
177,75,1,4,'danger',2,NULL,NULL);
INSERT INTO LAYOUT_DETAILS (LAYOUT_DETAIL_ID,PROD_ID,PAGE_NO,TAB_NO,COLOR_CODE,LAYOUT_ID,CREATED_TS,MODIFIED_TS) VALUES (
178,76,1,4,'info',2,NULL,NULL);
INSERT INTO LAYOUT_DETAILS (LAYOUT_DETAIL_ID,PROD_ID,PAGE_NO,TAB_NO,COLOR_CODE,LAYOUT_ID,CREATED_TS,MODIFIED_TS) VALUES (
179,77,1,4,'success',2,NULL,NULL);
INSERT INTO LAYOUT_DETAILS (LAYOUT_DETAIL_ID,PROD_ID,PAGE_NO,TAB_NO,COLOR_CODE,LAYOUT_ID,CREATED_TS,MODIFIED_TS) VALUES (
180,78,1,4,'info',2,NULL,NULL);
INSERT INTO LAYOUT_DETAILS (LAYOUT_DETAIL_ID,PROD_ID,PAGE_NO,TAB_NO,COLOR_CODE,LAYOUT_ID,CREATED_TS,MODIFIED_TS) VALUES (
181,79,1,4,'success',2,NULL,NULL);
INSERT INTO LAYOUT_DETAILS (LAYOUT_DETAIL_ID,PROD_ID,PAGE_NO,TAB_NO,COLOR_CODE,LAYOUT_ID,CREATED_TS,MODIFIED_TS) VALUES (
182,70,1,5,'warning',2,NULL,NULL);
INSERT INTO LAYOUT_DETAILS (LAYOUT_DETAIL_ID,PROD_ID,PAGE_NO,TAB_NO,COLOR_CODE,LAYOUT_ID,CREATED_TS,MODIFIED_TS) VALUES (
183,81,1,5,'danger',2,NULL,NULL);
INSERT INTO LAYOUT_DETAILS (LAYOUT_DETAIL_ID,PROD_ID,PAGE_NO,TAB_NO,COLOR_CODE,LAYOUT_ID,CREATED_TS,MODIFIED_TS) VALUES (
184,82,1,5,'info',2,NULL,NULL);
INSERT INTO LAYOUT_DETAILS (LAYOUT_DETAIL_ID,PROD_ID,PAGE_NO,TAB_NO,COLOR_CODE,LAYOUT_ID,CREATED_TS,MODIFIED_TS) VALUES (
185,83,1,5,'success',2,NULL,NULL);
INSERT INTO LAYOUT_DETAILS (LAYOUT_DETAIL_ID,PROD_ID,PAGE_NO,TAB_NO,COLOR_CODE,LAYOUT_ID,CREATED_TS,MODIFIED_TS) VALUES (
186,84,1,5,'info',2,NULL,NULL);
INSERT INTO LAYOUT_DETAILS (LAYOUT_DETAIL_ID,PROD_ID,PAGE_NO,TAB_NO,COLOR_CODE,LAYOUT_ID,CREATED_TS,MODIFIED_TS) VALUES (
187,85,1,5,'success',2,NULL,NULL);
INSERT INTO LAYOUT_DETAILS (LAYOUT_DETAIL_ID,PROD_ID,PAGE_NO,TAB_NO,COLOR_CODE,LAYOUT_ID,CREATED_TS,MODIFIED_TS) VALUES (
188,86,1,5,'warning',2,NULL,NULL);
INSERT INTO LAYOUT_DETAILS (LAYOUT_DETAIL_ID,PROD_ID,PAGE_NO,TAB_NO,COLOR_CODE,LAYOUT_ID,CREATED_TS,MODIFIED_TS) VALUES (
189,87,1,5,'danger',2,NULL,NULL);
INSERT INTO LAYOUT_DETAILS (LAYOUT_DETAIL_ID,PROD_ID,PAGE_NO,TAB_NO,COLOR_CODE,LAYOUT_ID,CREATED_TS,MODIFIED_TS) VALUES (
190,88,1,5,'info',2,NULL,NULL);
INSERT INTO LAYOUT_DETAILS (LAYOUT_DETAIL_ID,PROD_ID,PAGE_NO,TAB_NO,COLOR_CODE,LAYOUT_ID,CREATED_TS,MODIFIED_TS) VALUES (
191,89,1,5,'success',2,NULL,NULL);
INSERT INTO LAYOUT_DETAILS (LAYOUT_DETAIL_ID,PROD_ID,PAGE_NO,TAB_NO,COLOR_CODE,LAYOUT_ID,CREATED_TS,MODIFIED_TS) VALUES (
192,80,1,5,'info',2,NULL,NULL);
INSERT INTO LAYOUT_DETAILS (LAYOUT_DETAIL_ID,PROD_ID,PAGE_NO,TAB_NO,COLOR_CODE,LAYOUT_ID,CREATED_TS,MODIFIED_TS) VALUES (
193,91,1,5,'success',2,NULL,NULL);
INSERT INTO LAYOUT_DETAILS (LAYOUT_DETAIL_ID,PROD_ID,PAGE_NO,TAB_NO,COLOR_CODE,LAYOUT_ID,CREATED_TS,MODIFIED_TS) VALUES (
194,92,1,5,'warning',2,NULL,NULL);
INSERT INTO LAYOUT_DETAILS (LAYOUT_DETAIL_ID,PROD_ID,PAGE_NO,TAB_NO,COLOR_CODE,LAYOUT_ID,CREATED_TS,MODIFIED_TS) VALUES (
195,93,1,5,'danger',2,NULL,NULL);
INSERT INTO LAYOUT_DETAILS (LAYOUT_DETAIL_ID,PROD_ID,PAGE_NO,TAB_NO,COLOR_CODE,LAYOUT_ID,CREATED_TS,MODIFIED_TS) VALUES (
196,94,1,5,'info',2,NULL,NULL);
INSERT INTO LAYOUT_DETAILS (LAYOUT_DETAIL_ID,PROD_ID,PAGE_NO,TAB_NO,COLOR_CODE,LAYOUT_ID,CREATED_TS,MODIFIED_TS) VALUES (
197,95,1,5,'success',2,NULL,NULL);
INSERT INTO LAYOUT_DETAILS (LAYOUT_DETAIL_ID,PROD_ID,PAGE_NO,TAB_NO,COLOR_CODE,LAYOUT_ID,CREATED_TS,MODIFIED_TS) VALUES (
198,96,1,5,'info',2,NULL,NULL);
INSERT INTO LAYOUT_DETAILS (LAYOUT_DETAIL_ID,PROD_ID,PAGE_NO,TAB_NO,COLOR_CODE,LAYOUT_ID,CREATED_TS,MODIFIED_TS) VALUES (
199,97,1,5,'success',2,NULL,NULL);
INSERT INTO LAYOUT_DETAILS (LAYOUT_DETAIL_ID,PROD_ID,PAGE_NO,TAB_NO,COLOR_CODE,LAYOUT_ID,CREATED_TS,MODIFIED_TS) VALUES (
200,98,1,6,'warning',2,NULL,NULL);
INSERT INTO LAYOUT_DETAILS (LAYOUT_DETAIL_ID,PROD_ID,PAGE_NO,TAB_NO,COLOR_CODE,LAYOUT_ID,CREATED_TS,MODIFIED_TS) VALUES (
201,99,1,6,'danger',2,NULL,NULL);
INSERT INTO LAYOUT_DETAILS (LAYOUT_DETAIL_ID,PROD_ID,PAGE_NO,TAB_NO,COLOR_CODE,LAYOUT_ID,CREATED_TS,MODIFIED_TS) VALUES (
202,90,1,6,'info',2,NULL,NULL);
INSERT INTO LAYOUT_DETAILS (LAYOUT_DETAIL_ID,PROD_ID,PAGE_NO,TAB_NO,COLOR_CODE,LAYOUT_ID,CREATED_TS,MODIFIED_TS) VALUES (
203,101,1,6,'success',2,NULL,NULL);
INSERT INTO LAYOUT_DETAILS (LAYOUT_DETAIL_ID,PROD_ID,PAGE_NO,TAB_NO,COLOR_CODE,LAYOUT_ID,CREATED_TS,MODIFIED_TS) VALUES (
204,102,1,6,'info',2,NULL,NULL);
INSERT INTO LAYOUT_DETAILS (LAYOUT_DETAIL_ID,PROD_ID,PAGE_NO,TAB_NO,COLOR_CODE,LAYOUT_ID,CREATED_TS,MODIFIED_TS) VALUES (
205,103,1,6,'success',2,NULL,NULL);
INSERT INTO LAYOUT_DETAILS (LAYOUT_DETAIL_ID,PROD_ID,PAGE_NO,TAB_NO,COLOR_CODE,LAYOUT_ID,CREATED_TS,MODIFIED_TS) VALUES (
206,105,1,6,'danger',2,NULL,NULL);
INSERT INTO LAYOUT_DETAILS (LAYOUT_DETAIL_ID,PROD_ID,PAGE_NO,TAB_NO,COLOR_CODE,LAYOUT_ID,CREATED_TS,MODIFIED_TS) VALUES (
207,104,1,6,'warning',2,NULL,NULL);
INSERT INTO LAYOUT_DETAILS (LAYOUT_DETAIL_ID,PROD_ID,PAGE_NO,TAB_NO,COLOR_CODE,LAYOUT_ID,CREATED_TS,MODIFIED_TS) VALUES (
208,106,1,6,'info',2,NULL,NULL);
INSERT INTO LAYOUT_DETAILS (LAYOUT_DETAIL_ID,PROD_ID,PAGE_NO,TAB_NO,COLOR_CODE,LAYOUT_ID,CREATED_TS,MODIFIED_TS) VALUES (
209,107,1,6,'success',2,NULL,NULL);
INSERT INTO LAYOUT_DETAILS (LAYOUT_DETAIL_ID,PROD_ID,PAGE_NO,TAB_NO,COLOR_CODE,LAYOUT_ID,CREATED_TS,MODIFIED_TS) VALUES (
210,108,1,6,'info',2,NULL,NULL);
INSERT INTO LAYOUT_DETAILS (LAYOUT_DETAIL_ID,PROD_ID,PAGE_NO,TAB_NO,COLOR_CODE,LAYOUT_ID,CREATED_TS,MODIFIED_TS) VALUES (
211,109,1,6,'success',2,NULL,NULL);
INSERT INTO LAYOUT_DETAILS (LAYOUT_DETAIL_ID,PROD_ID,PAGE_NO,TAB_NO,COLOR_CODE,LAYOUT_ID,CREATED_TS,MODIFIED_TS) VALUES (
212,100,1,6,'warning',2,NULL,NULL);
INSERT INTO LAYOUT_DETAILS (LAYOUT_DETAIL_ID,PROD_ID,PAGE_NO,TAB_NO,COLOR_CODE,LAYOUT_ID,CREATED_TS,MODIFIED_TS) VALUES (
213,111,1,6,'danger',2,NULL,NULL);
INSERT INTO LAYOUT_DETAILS (LAYOUT_DETAIL_ID,PROD_ID,PAGE_NO,TAB_NO,COLOR_CODE,LAYOUT_ID,CREATED_TS,MODIFIED_TS) VALUES (
214,112,1,6,'info',2,NULL,NULL);